id.practice,X1,X2,X3,X4,X5,X6,X7,X8,X9
1,1,C,0,A,1,27.62520932968777,21.091348540646916,0.38367716028581667,-3.954611040988933
2,1,A,0,A,0,18.9545969341542,6.590632505186412,0.17547317715043523,-43.496055786581024
3,1,A,0,A,0,22.071232890888886,5.478018517386497,0.4419761224584268,64.74550509989238
4,1,C,0,A,1,39.39419272168512,9.704443928156527,0.4278017511861809,36.38776147498146
5,1,A,1,A,1,22.71982359678086,13.118626054380487,0.3309155831439772,84.3499294439897
6,0,B,0,A,0,29.69787138258909,7.134739466646383,0.5017310785854058,18.63534717083557
7,1,B,1,A,1,44.82150073222,15.501978532819635,0.2891338659286933,-15.295574061588404
8,1,B,1,A,0,24.749421181034258,4.907247251608457,0.660462515127729,29.442051629212827
9,0,C,1,B,0,33.51304649912072,6.669485577931043,0.2858270422497372,53.5080097464923
10,0,B,1,A,1,36.81492848227394,16.38763358188805,0.3320600528667481,21.214220887020485
11,1,A,0,A,1,32.97907719995362,19.326961380901253,0.3120795973618249,86.79622990044288
12,0,A,0,B,0,25.267275088913635,0.7316412433166315,0.4094074401311133,39.94363308879224
13,1,B,0,A,0,33.79319046751307,0,0.48126724304444973,26.025860230859983
14,0,C,1,A,1,26.608040841304742,13.360832194300452,0.5548122420748207,66.91732320492521
15,0,B,0,C,1,21.886183436509924,9.55347629781048,0.5650770587092256,26.969348356807103
16,0,B,1,A,0,41.90842527167449,4.65911342092692,0.44388825917283903,25.327223662361547
17,0,B,0,B,0,20.930463178186898,4.899978555750053,0.5830201402745572,-11.39885156526842
18,1,C,1,A,1,32.179809686244504,13.737120983159366,0.4464366963883244,-42.71885083651228
19,0,A,0,A,1,28.553628259085773,12.13074906683691,0.5765269687683399,91.43565097777663
20,1,C,1,A,1,41.81564885394271,13.860726270762186,0.47385946419373076,84.79302555836728
21,1,B,0,A,0,34.54327204498733,12.123464816321231,0.6279855197294444,23.93592093507276
22,1,A,0,A,1,29.055381603884044,12.628199609944343,0.16930660638235595,25.958210644080857
23,1,B,1,A,1,31.059248650304884,18.516047382603276,0.18507711049791684,40.36705145143762
24,0,C,1,A,1,22.205710267852414,13.428998471547096,0.40888889956029606,46.22325470113041
25,1,A,0,A,0,22.219036006994386,9.845648985792426,0.4849489566994611,55.54039679798611
26,1,C,1,A,0,19.909537803472002,8.522545989684119,0.41761883461207455,38.602048801370415
27,0,C,1,A,0,19.864407159284198,2.844878681209455,0.4951788871014452,16.30794615677971
28,1,B,1,B,1,38.31045641512564,10.633545830770874,0.25905521040713386,22.974629334965396
29,0,B,0,A,0,40.20837252057425,4.577907296876182,0.34223014084918485,-12.71698816286463
30,0,C,1,A,1,22.208296850532054,12.578793842617719,0.27547168469718714,60.125679414199986
31,0,B,0,A,1,29.256500603208764,15.461008711376461,0.60099509161644,4.514919319662669
32,0,C,0,A,1,34.60443791759526,10.033246189102558,0.36998097667287067,-17.632973490064444
33,1,B,0,A,0,27.372630268539837,8.911589774900186,0.4146672531389119,2.179809201422408
34,1,A,0,A,0,20.60162020147105,4.044704614786532,0.23283530650801298,12.634463677263483
35,1,A,0,A,0,27.70541109294888,0,0.5767638401017423,-6.846714324446868
36,1,C,0,A,1,27.603206685145125,15.195716027500913,0.40057557672629346,17.504379200895396
37,0,A,1,C,1,29.886543980085456,13.737759621697922,0.32749728787061133,108.19505118949729
38,1,A,1,A,1,29.674618246237905,14.585903931007467,0.3790712411490232,-23.60137456146601
39,0,C,0,A,0,29.114675204961888,0,0.41692553818402894,63.64873560860972
40,1,A,1,A,1,30.358029597717078,14.729750898283035,0.5455148633841482,50.367691155808075
41,0,C,1,A,0,40.580267705268525,0,0.2698824323475419,48.27146349685708
42,0,A,0,A,0,54.943026131011315,3.558112618934837,0.2526732353826083,-13.508721502411078
43,0,A,0,A,0,45.56045673249549,7.932685232202698,0.3332231954024266,45.23840924529607
44,1,A,1,A,1,25.68680431492068,16.503553715454306,0.5652636116464348,69.94429914083378
45,0,A,1,A,0,25.451269913749467,0.94689738053924,0.27364024855155383,33.79343372858962
46,1,C,1,A,1,23.903931266193027,20.350798575617958,0.5041239483566295,-59.84710480165265
47,0,A,0,C,0,25.096357182367328,1.3665200227378973,0.5198883874586299,36.5424588998423
48,0,B,1,A,1,24.114346673273687,6.332827222119819,0.2209900499002205,-55.52085050014246
49,0,A,0,C,0,31.230878048818,4.6545817867321855,0.5519585212034152,34.45043918906827
50,0,A,1,A,0,23.985115506650175,4.93189262322888,0.3648024527818929,5.165570158898955
51,0,B,1,A,0,21.135772867632145,6.058192650727428,0.4703507696816908,-69.31554802941119
52,0,B,0,A,1,32.463713967490655,2.081918456204834,0.5408207363322562,40.040104368181545
53,1,C,1,A,1,34.83306434336353,8.827529585715894,0.5745600203801441,7.170113609796092
54,0,B,1,A,0,32.707615636379984,4.910012207059817,0.38086763726339135,49.95223466049899
55,1,B,1,A,1,18.98881652562391,16.88928179215071,0.3875409725998401,-27.860598368170827
56,1,A,0,A,0,25.970592656471187,4.937609271229772,0.48134525603158135,-55.35777596379832
57,1,B,1,A,1,20.54454603473017,21.567538798308654,0.4460122089071145,72.9483305102112
58,1,A,0,A,1,26.74308687331303,12.171267266150943,0.121442672351151,18.94950830663598
59,1,A,1,A,0,18.609725899672036,4.366624542431525,0.244316465604172,72.61163193788676
60,0,C,0,A,1,22.197129750037234,11.29926379783232,0.3896270944145415,37.143010750818824
61,0,A,1,A,1,31.65634891025551,9.45469958160091,0.3850233083721935,130.62485279889285
62,1,C,1,C,1,40.332303892965115,8.6081202963590009,0.546227180060529,-33.97610056697537
63,0,C,0,A,0,21.713046574617298,10.330783092407916,0.4387361040429464,62.811971852452004
64,1,A,0,A,0,15.714397705315111,7.912362453401636,0.3836536023125487,56.99898443070578
65,0,A,0,C,0,40.08637273225666,5.693787950232501,0.36676575800248784,-11.360818824666826
66,0,B,0,A,0,21.025388561595165,5.153057269068,0.4108685718171191,16.21531121532097
67,0,A,0,C,0,27.635359927097895,3.914718669822496,0.18748752100013955,15.747338459356829
68,1,A,1,A,1,31.02875806832094,19.44477561679921,0.25986906981552316,82.1711522869125
69,0,A,0,A,1,44.73010180795373,7.525144616074227,0.4889039982089976,1.2571819586546056
70,1,B,0,A,1,22.57038184379782,15.487188536504938,0.33913497034525797,14.692066390979118
71,1,A,1,A,0,24.23457742993189,2.4946746607488937,0.28666204375619614,35.78257164152602
72,0,C,0,A,1,35.1286930720213,6.422207437406746,0.5784667601577662,26.102756975849246
73,1,A,0,A,1,40.20671429008833,13.031639622340643,0.7114518385521277,47.80913899607326
74,1,B,1,B,1,19.87234410011166,6.107927139402538,0.23468642674640833,-20.87824062672368
75,0,A,0,C,1,24.19583491631355,12.99703065335229,0.33735095924274194,58.31645450032572
76,1,B,1,A,0,22.906352605410937,1.6637673773921682,0.20189287098672798,9.069606704476087
77,1,A,1,B,0,27.480440296677777,9.032437596182836,0.2741315878883699,32.947544143390814
78,1,B,1,A,1,20.902691780340465,6.56144821692382,0.49454332094378683,-15.92633288163934
79,0,B,0,A,1,12.824071724187778,14.601914925882504,0.6811980441009219,-25.43132849869832
80,1,A,0,C,0,19.911585953835527,5.33169927112882,0.5651675383409958,1.7892900206762725
81,1,A,1,A,0,24.473575169786088,4.696685572113378,0.1433429925355534,71.1017753700934
82,0,B,0,A,0,18.809484963155413,7.027091165285357,0.6217711450225494,48.47092935303625
83,0,B,0,C,1,22.555186010759968,12.905542029550586,0.3349972588876235,-37.08391589801178
84,0,C,1,B,0,37.71817176847506,0,0.3651878148620073,-54.95043528916207
85,1,A,1,C,0,24.125532652032426,4.578504958764047,0.4127695267522198,20.46209140786668
86,1,A,1,A,1,26.72574176493316,12.262112641280147,0.34974843774513314,26.935035310638266
87,0,A,1,A,1,27.560410678078668,8.348598422507372,0.454377135110539,22.79985625548907
88,1,A,1,A,0,22.247334455074395,4.0644018872326875,0.41451702816027597,-8.642376360510482
89,0,A,1,A,1,27.195295654911376,14.353917347770484,0.5092076184540133,20.642506909842496
90,0,C,1,B,1,20.031233003886392,7.918785462685786,0.3377397708817063,-3.632001150457903
91,0,B,1,C,0,18.943262533660345,8.046577816778644,0.6704510380124906,51.27657844339542
92,1,B,0,A,1,27.574337786473823,19.800295682654202,0.6392888045345905,87.7649438370894
93,0,A,1,A,0,28.819745040548572,9.12688763040178,0.2508924522977472,85.73606309812034
94,0,A,0,A,1,27.840196175860907,6.968568840037575,0.20739479466315353,28.001976255398905
95,0,A,0,A,0,20.430227349752226,6.787267227909832,0.3720913479229809,14.130441184769829
96,0,C,1,A,0,19.03116611750239,3.538175972985612,0.35958072894376975,20.747012415697498
97,1,C,1,A,1,28.960273227702622,15.480189863083526,0.7219250891818114,10.223306215260164
98,1,B,0,A,0,16.482975808147593,10.123216922943215,0.7583141619814296,14.2674671462654
99,0,A,0,A,0,16.08016239981419,6.273485881992065,0.6205437167566877,39.97366795041834
100,0,C,0,A,1,27.60577765038855,16.847357435462357,0.4762165283416878,53.98553282772174
101,1,A,0,A,0,36.68138581184128,11.347251801242933,0.3086145496644756,3.0981147480540763
102,1,A,1,A,1,28.89649750178869,8.513850739259475,0.5572337039919713,64.89483443434177
103,0,B,1,A,1,22.871361168140847,11.337440456071539,0.3664194384304893,104.45374285546207
104,1,B,1,B,1,28.91880676842719,23.4967373274333,0.30043689506691196,37.256883334087405
105,0,B,0,A,1,17.40889831660097,5.133829155093901,0.25693747165321595,123.8781108777465
106,0,A,0,A,0,32.1114483299993,5.882965981539951,0.3559937417955476,16.356902661734964
107,0,A,1,A,1,28.299496001498216,11.65664692459369,0.3467104323318482,86.10328013691075
108,0,A,0,A,1,22.134020977203882,12.390178491766997,0.2023793127340625,1.6254822846056065
109,1,C,0,A,1,22.244583846261104,10.463421127354165,0.5307741648084393,17.36799599552595
110,0,C,1,C,1,20.64053376324176,8.252561872974036,0.4657098326603082,42.53916667700271
111,0,A,1,A,1,22.774630202864188,5.500162722889862,0.4457195324003705,32.2718832306602
112,0,B,0,A,0,19.976916506200443,6.842127162689272,0.40361140419846203,23.93090191809986
113,1,B,1,A,1,27.272052647837523,10.661021265797872,0.3926204272838886,28.971119386324574
114,0,C,0,A,0,25.36907794915913,5.288431713857697,0.40756196627539043,-4.5839108958699875
115,0,B,1,A,0,43.40362802265705,5.618629402358229,0.6973628311987659,7.434436580835806
116,1,A,0,A,0,48.99529486933797,5.879746742218275,0.450378294253957,24.75336650342754
117,1,A,0,A,1,37.466664934533256,18.570761506910767,0.2778368727584399,17.042869385013876
118,1,B,1,A,0,29.520527245348028,0.9361182409511137,0.2666219034345503,-20.59794143860796
119,1,B,1,A,1,22.840438348843396,13.678819377017394,0.8600067115827215,17.266400510744447
120,1,B,0,B,1,18.103299352040953,17.994746672538685,0.43567265651601006,55.81401868316967
121,1,C,1,A,1,38.110844553289446,19.367036959303974,0.2374532616231209,19.691960848038775
122,0,C,0,A,0,29.295984252736687,0.7148940016042902,0.45166577845463135,72.69309507000108
123,1,B,0,A,1,21.91774767501393,11.608587036919717,0.49023153141915776,8.9978181674979
124,0,A,0,A,1,27.61606176561508,10.495378377330288,0.4335889229548846,-23.036140238722325
125,0,C,1,A,1,29.520936112819335,5.68183251182959,0.34508772887654227,37.34370983528573
126,1,B,1,C,1,22.04208936222245,13.004151242864513,0.3619552055206627,-26.898943203313266
127,1,C,1,B,1,39.27555130472918,15.567576868424073,0.39159049085913744,10.24988731814733
128,1,B,0,A,0,17.483922260238437,5.859207397966596,0.2520504559297614,38.93665829889794
129,1,A,1,A,1,32.781461279528756,13.025326205225054,0.2157799764880638,70.31324725225645
130,1,C,1,A,0,24.37650750738939,0,0.6863526662761908,-9.709321376568973
131,1,B,1,A,0,25.113543354519663,9.38603047182588,0.44358443698566147,22.624241171641543
132,1,A,1,A,1,24.200329159918457,25.932898225447065,0.44721057332149194,84.79689642237331
133,0,A,1,A,1,42.40876778302083,10.278166341919139,0.617713731887424,9.701646983854733
134,1,B,0,A,0,19.909306445701493,3.918058895852668,0.5506701133267514,-17.678990140995168
135,0,B,1,A,1,19.949771130596908,7.407406089054213,0.25501874591148826,9.792477082500847
136,1,B,1,B,1,23.704398945246353,10.88143082849648,0.5741662197321435,15.993547056095391
137,1,B,1,A,1,25.2141825765123,22.702125400517712,0.2859766688522466,22.365829517850273
138,0,C,1,C,1,19.333563876214253,6.151510546250564,0.6483597931386327,-26.70797415392738
139,0,A,0,C,1,38.199877311001686,13.868833904185397,0.3066806881194576,-1.2134783032914775
140,1,A,0,A,0,38.83480773016788,3.7357934958232732,0.21547900936435121,74.69390844122455
141,1,C,1,A,0,23.622752177514073,6.64549943768344,0.3444553223920395,44.35083643646218
142,0,A,1,A,0,36.10587480112768,0,0.42455858852616735,11.230792556539507
143,0,B,0,B,1,20.804860383960207,11.191148392974213,0.5941503640709221,-20.198921396129855
144,0,B,1,A,0,35.54672892522753,5.269626263360789,0.5074584221823142,11.456965380438957
145,1,A,1,B,1,27.812751499741836,18.28040599291659,0.37922847835675216,35.032380331891275
146,0,A,1,A,1,42.65511808560574,10.318579191509052,0.49779459980314156,-10.669608611011764
147,0,C,0,A,0,28.10836231480865,3.435563095200831,0.24761328115980527,36.79261419393663
148,0,B,0,B,0,26.422704264299917,4.949759093568813,0.2254975581163352,-74.33113773554373
149,1,A,1,C,1,21.32674268956236,17.543549113779473,0.5372702728027263,91.99801605829116
150,1,B,0,A,1,35.12637891739287,23.168594489050292,0.7144575691041043,-38.265235731996
151,1,A,1,A,0,35.13627127932047,0.8306203515601291,0.40893468243943576,22.262906031200743
152,0,A,0,B,0,39.71983239728547,7.9013782058710085,0.46207501705938225,46.70072261413287
153,1,C,1,A,1,25.672231611713777,10.451425400013965,0.3433401129471268,50.50266462920385
154,0,A,0,A,0,54.45341682371863,11.214744309737528,0.15491454125788914,37.17247337852899
155,0,B,1,A,1,24.384529362517075,9.846023075964904,0.14081265653857297,48.98139814646376
156,1,A,0,B,0,24.47184043859667,2.166788145982159,0.6625268405801416,79.75182473703404
157,0,A,0,A,0,31.819435373509325,0.7146775453384588,0.22344882990228643,48.421030399301486
158,0,C,1,A,1,34.726895236126566,6.429476251502458,0.20502256724325219,12.951504865790739
159,0,C,0,B,0,33.091652046222514,2.7230340363386523,0.5091243628863262,39.838326539394124
160,0,C,0,A,1,28.7608984959548,10.464945878663768,0.6519543296244044,29.524760236599285
161,1,A,1,B,1,34.6776031692973,16.43425068380359,0.3430355898534105,-37.09823562997797
162,0,B,1,C,0,32.11954832868404,8.107147710753587,0.285710397988884,-18.742450543730236
163,0,C,1,A,1,47.88495778862652,9.077721669700091,0.4557405814724718,25.408832023169946
164,0,B,0,A,0,24.55933865350986,10.694531662165797,0.42114365419341837,58.43772066704392
165,0,A,0,B,0,30.4867339789267,8.633948241690504,0.5868304655785184,15.321082013108256
166,0,A,0,A,1,37.382551969061396,5.902283309735768,0.4954136489745564,50.050264234231875
167,0,A,0,A,0,26.885402464814003,4.7608549741964294,0.45215108129057335,6.127474689890814
168,1,A,0,A,0,41.36525031923294,2.8144148137620144,0.46464048579010747,-71.14492465214462
169,1,B,1,A,1,29.125431384103262,16.662224414473382,0.41701351994995184,52.907480999858784
170,0,C,0,B,1,21.3583888379863,9.001837277563972,0.5106062311752038,-14.243216856718504
171,1,A,0,A,1,24.822156617334894,18.355322296791467,0.334796078761189,26.72763950902791
172,0,A,0,A,1,23.468945388271706,11.931572523825336,0.4999709709814902,50.49945879952864
173,0,C,1,A,1,18.813300291406254,8.134706664525796,0.27037133871644503,76.2863468881221
174,0,C,1,A,1,41.38850883677977,12.245845557478102,0.5644660312576373,2.6802458506716107
175,1,B,0,A,0,32.883330449411886,7.621955847842809,0.6334610590046892,-3.819460062934372
176,0,A,0,A,0,23.239523631401017,8.296628142172981,0.4313822509027438,27.538765037961692
177,1,A,0,A,1,22.268514078869185,17.103437317451505,0.4265287616889787,51.66828625152681
178,0,A,0,B,1,17.84441844273384,14.160652108442445,0.2643781690604206,16.11366550508126
179,1,A,1,A,1,15.814582891851487,23.76821857883482,0.4295787110968916,-5.982162108040992
180,1,A,1,C,1,39.771792210256066,19.440860559847962,0.5150740600232318,78.96663922692103
181,0,C,1,A,0,32.57289399580867,5.07376884260473,0.5827550201338929,56.04054306331929
182,1,A,1,A,0,35.655829517355585,2.1434942327641155,0.1917251392299998,58.12356184129111
183,0,A,1,A,0,29.928624462518954,9.946382611557626,0.5212671337367236,9.312697020654907
184,1,C,0,A,1,37.40542681826708,19.823091809933953,0.21409516488953564,73.32718667782186
185,0,C,1,A,1,25.338097958832872,13.933251381531433,0.47498409212355014,-11.379385464490408
186,0,A,0,B,0,22.500070378907395,0,0.37591424338180585,52.223074476161614
187,0,B,1,A,1,24.377978096838547,13.863364629822275,0.49144546598011085,73.78877756601979
188,1,A,1,A,0,25.17864262482765,2.9898200090500096,0.30551249015608073,-48.6183401544301
189,1,A,1,A,0,23.642256227048904,2.9778203917353743,0.6096101998811697,-6.274146222771968
190,0,C,1,A,0,24.09169125441367,4.175277873813168,0.47046501293463433,-16.565627738149452
191,1,B,1,A,1,30.617084310681655,13.67395821130114,0.4196990070136172,-19.960870711791337
192,0,B,0,C,0,28.96177719539802,6.410810177833609,0.26541814066225666,-39.894343109029236
193,0,B,0,A,0,29.178947553876867,4.017537332368734,0.44323935705023515,-34.3215059856709
194,0,C,1,A,1,27.510787528267993,6.781962753833282,0.36533823921159136,7.920470838268031
195,0,C,1,B,1,39.43605214229848,10.843950888716467,0.4117278620895598,18.51396053854436
196,0,B,1,B,0,19.48082888644329,3.422509932572537,0.3634921129778325,45.95847923800329
197,0,C,0,A,1,22.127017369226692,9.420204079541053,0.1259521299348107,40.54495819758429
198,0,C,0,A,1,31.512281514825816,10.527093653781415,0.3630208523194782,54.91835970629451
199,0,C,1,A,1,22.920379651514583,8.516100643729654,0.37308294269809344,27.95114602142563
200,0,A,0,A,0,28.20612046445551,6.807841296310614,0.5336072403695201,25.38276320091444
201,1,C,1,B,1,40.66226804591777,13.457937815698944,0.36169404130622945,52.08078707412198
202,0,B,1,A,0,19.60903673435623,11.495679030591203,0.7167557036708445,-20.974693235601805
203,1,A,0,A,1,18.311837263733246,17.79469240092903,0.2084716116246917,10.40336263335565
204,1,A,1,A,0,45.02269544595073,6.87146504900641,0.25418765253584863,109.74172003990076
205,1,C,0,A,1,36.535923501011574,12.936673308914344,0.4898185917805369,27.468777662116153
206,1,B,1,B,0,20.47275661227018,10.075573538914636,0.12165801468059576,-47.47471456375513
207,0,A,1,A,0,29.375364764949566,4.934346078930118,0.44582606230379707,29.720925758273225
208,1,C,1,A,1,17.686583597689634,18.914478882428945,0.4464328092941423,76.21201473395784
209,0,A,1,B,0,27.29595272414877,7.365489425310264,0.41009569400330437,15.237367600131874
210,1,B,1,A,1,30.83885821428844,21.59273621500405,0.39835742700064464,68.98076866512929
211,0,B,0,A,1,38.40450289744808,7.143997328972997,0.3327277589463388,32.80462746616219
212,1,B,0,B,0,28.680450230412546,4.0211443387372094,0.6700585836701901,-11.106965165642684
213,0,B,0,B,1,11.353205898669906,13.226820001271749,0.34811162421332725,5.398781138735904
214,1,B,0,A,1,27.528639353656224,20.012450900236715,0.24898894430550103,22.329830837083847
215,0,A,0,C,0,46.55807318376798,2.5198392156244864,0.5275835693209757,81.41617629951773
216,1,A,1,A,0,35.199894268087405,9.450814432471576,0.3333417360167872,-10.728716735262314
217,0,B,0,A,0,31.358453930449507,5.6121155399428355,0.3657797713195002,-8.071829906572567
218,0,A,1,B,0,21.307817102690265,12.082353236088682,0.2255294978561339,0.2406474961332954
219,0,B,1,B,1,36.08160963351751,13.179987519747403,0.16944658571884502,29.669002971121657
220,0,B,1,A,1,35.16546843039433,4.009394478165397,0.37361963343063676,43.26529633410894
221,1,A,1,A,0,31.335463766845752,0.22310365592112102,0.3025628796661742,31.30356620119703
222,1,A,0,A,0,34.849566705980045,8.196811381972177,0.439661535270613,22.74082128651685
223,0,B,0,A,1,20.23436715296125,7.105004557702593,0.36695829954028614,-59.10665209955832
224,0,B,0,B,1,28.29251961880506,16.25210511870614,0.47107011227560086,11.928766774237994
225,0,A,1,A,0,23.50930713759625,3.032847608198241,0.41826167535459857,18.60223445426424
226,0,B,1,A,0,33.09557209163559,2.310828475416122,0.24764529570375282,55.0005987769004
227,1,C,1,A,1,26.949667335894162,11.923658332718809,0.2635533236090379,-19.85658941585563
228,1,A,0,A,0,27.15719521805555,5.237413935141572,0.3693083831913645,-19.4494545327422
229,0,A,1,C,0,18.6483056344822,0,0.2837585453637585,6.926193773237497
230,0,A,1,A,0,37.16040881010575,2.501804570691359,0.36326366069189464,84.27123922154864
231,1,C,1,A,0,23.79115106597829,6.601141793457087,0.4256815983628269,95.62527368416681
232,0,A,0,B,1,21.427723534813396,17.55476201526737,0.6913061613369608,31.286047565982443
233,0,B,0,A,1,34.28828939173468,13.138287103384696,0.38888062625985376,38.166727202999056
234,0,A,1,A,1,34.58325074339294,5.035192215722567,0.4487073717959125,56.50815592663703
235,0,A,1,C,0,31.137604583510218,4.860072335678859,0.45842120288350974,-31.061034531886655
236,1,A,0,A,0,28.014041749446626,0.6910220630662032,0.22518396335658877,26.859988872935247
237,0,B,0,A,0,38.62176547767843,2.927680344112826,0.2316108318967004,18.63250942139789
238,1,A,0,A,0,23.091314474404115,7.273999118640496,0.15938396164834692,14.93624703645119
239,0,A,0,A,1,20.268851528536306,8.756375674474413,0.5792716253261194,5.909865638485597
240,0,B,0,A,0,32.68994463755715,10.664787086980494,0.28987443289749765,63.9257633164165
241,1,C,1,A,1,40.533427701282804,22.434514935935297,0.27949343570338026,-16.83546202868819
242,0,B,1,A,0,28.79057138876829,7.044441129070682,0.37370078532190854,18.08222903208183
243,1,B,0,A,1,23.343752271044025,18.045866608263886,0.5103437385018588,106.55219097082633
244,0,B,1,A,1,30.044401731747996,14.006860846101084,0.3092976620372082,74.51955159071383
245,0,A,0,B,0,30.006052632773763,3.0831189121189153,0.2671183391849474,-6.9950914078371795
246,1,C,1,A,1,20.189970683364738,10.567215191170327,0.6500540080316907,-15.972418770935512
247,1,B,0,A,1,29.167149264159562,17.833660429112676,0.263821628193756,9.238151345685433
248,0,A,0,C,0,31.12639535231706,7.983698147768461,0.3889514351840281,12.558682881378887
249,1,C,1,A,1,20.808634879272887,15.986594723244888,0.28826341996227833,-3.429131135359384
250,1,B,0,A,1,11.02893044716668,9.680097025639027,0.28329586668448264,2.0182477291193806
251,1,C,1,A,0,34.95590296505962,2.9233617325383445,0.3062340202307284,-35.56219154214757
252,1,B,1,A,0,25.49007440276948,7.073516398537333,0.3345378770353564,6.517403377322664
253,1,A,1,B,1,18.40400418770052,14.014864565873852,0.3838505368583457,0.2492252808090072
254,0,A,0,A,0,22.183450184923508,2.4401849654347094,0.4750350577300173,67.4985691938864
255,0,B,1,B,1,51.90034127829777,12.016932419341236,0.6936379312907065,21.270338991596603
256,0,C,0,B,0,25.322440207209944,6.136427704530448,0.4768289412059027,-10.811614629472313
257,0,A,0,A,0,22.165109202475012,3.958530530800615,0.43345520428272655,-10.807856610662036
258,1,C,0,A,1,37.95545837173428,17.700931572922233,0.44033978471912033,-33.0502510785789
259,1,B,1,A,1,23.631325550156667,16.53126206015876,0.6836264665021908,-32.97342989807302
260,0,A,0,A,0,35.49873728575853,7.172126651873717,0.25823745695465894,-47.250176179186624
261,0,A,0,C,0,37.65997928354005,0,0.4524880367172691,-20.46164154204211
262,0,C,0,A,1,37.64863447334757,9.639988449190623,0.46983985907116516,4.8005120674348305
263,0,A,1,B,1,28.055683589317162,2.3182749188564573,0.47450371346315745,-21.811884463900093
264,1,C,0,A,1,28.096413594892443,21.10839599170917,0.4710867086977187,5.858843301209673
265,0,A,1,B,0,22.532589922541465,8.613818203214812,0.3567558117396913,19.446960112596898
266,1,A,0,A,0,19.16143409352386,5.316520934529863,0.558065835040702,12.864828612258403
267,1,B,1,A,1,28.26191623705339,24.233607673661815,0.19610089782089968,-0.6320315698733161
268,0,B,1,C,1,28.275096540373426,13.03434126178853,0.3713062652877887,2.992697276250553
269,1,C,1,A,1,19.783000799442146,16.98546753650008,0.20671554203970438,19.22448553999717
270,0,B,1,A,1,32.47611928079009,6.8903409054565,0.41981132648132935,52.780249281105355
271,0,C,1,A,0,35.63716336551893,4.490777299393721,0.5169797169761741,-65.43277432921963
272,1,A,1,A,0,17.501972395683502,3.6207921539354855,0.409769437918312,-5.597457188204878
273,0,B,1,A,1,30.045924646268578,10.467714814740745,0.4025653109308275,-5.827808219775648
274,0,B,1,B,0,20.063302258741295,2.762735353310744,0.46079491681131185,57.85655543961772
275,1,A,0,A,0,30.675104958528085,8.372124921556104,0.536003702349687,50.247215262760065
276,1,B,1,A,1,26.690529270529716,19.278703857650967,0.3286595595361428,61.54556283861545
277,1,B,1,B,1,21.165841685505164,13.486889618580982,0.4275483766189653,72.20036139084269
278,0,A,0,A,0,39.08069733558512,6.483217848226058,0.6274627350310312,11.563925520446546
279,1,C,1,A,1,28.666159195129758,16.642406277613848,0.4569514546102226,23.669686950668705
280,0,B,1,A,1,20.866235319209252,9.535872738328889,0.37564641816470956,-27.177558220602492
281,1,B,1,A,0,18.61597177240509,7.871532414872515,0.4616462930714809,-23.611640936942955
282,0,B,1,A,1,21.3725825457254,7.578419774290721,0.4601066141219881,13.97826292575429
283,1,A,1,B,1,23.545919483590886,5.559002880795278,0.5968459838943795,-10.391644938996066
284,1,B,1,B,0,26.14138278750987,4.313992117910963,0.2361695867581913,30.221739604958096
285,1,A,1,C,0,42.74059959224409,3.275788882153631,0.36616076009582826,-11.56721856386119
286,1,B,0,A,1,40.161302704857555,21.56445229209777,0.26116775931654107,65.69230650713115
287,0,A,1,A,0,30.729089887976656,4.914322353805916,0.3229084567518771,25.525224968697565
288,1,A,0,A,0,37.34725459283197,7.82845085786194,0.19105411328698918,-5.603620271652307
289,1,C,0,A,1,24.309239409620258,16.962596523062732,0.28821598275040594,29.33530889752154
290,1,C,0,A,0,31.220163388199097,6.518956563219485,0.5872047453883033,65.1997448581763
291,1,A,1,A,1,23.423471103178642,14.27468846060312,0.5154568971871979,69.00201078589191
292,1,A,0,A,0,21.810261205374022,6.968988332367768,0.5930459155958177,51.11220407557731
293,1,A,1,A,1,22.867125588634266,20.275793383879645,0.22391521600767336,-4.107072534535014
294,0,B,1,A,1,25.684117900170147,21.349518478331838,0.38033156379121424,22.422167592082474
295,0,B,0,A,0,27.99728458379839,5.7990991774049165,0.3365464387912391,31.46533836789409
296,1,B,1,A,1,29.716330056783626,24.036326227034593,0.11564417672845397,77.59341987936378
297,1,C,1,A,1,29.330627343926167,7.408544626563376,0.23701971943867195,-56.887266768520504
298,1,A,0,A,1,23.279638591994797,25.793529697991602,0.476141982197936,52.6692891530206
299,0,B,0,B,0,19.076071117972894,2.8983438394806695,0.481713250190846,18.407302426836964
300,1,B,1,A,1,27.058658762117727,21.525957582067516,0.51317848131467,15.563977541093749
301,1,C,1,A,0,33.949920847347215,7.171542983820913,0.4051937587700874,-60.235772892461114
302,1,A,0,A,1,34.3213657468154,9.51615446068573,0.3334481451195212,-12.232751690877905
303,0,B,0,A,1,24.61420764700659,9.537404830547487,0.5162268968437598,60.196543133514645
304,0,C,1,B,1,31.91754740016183,9.602042304855294,0.6113491488920016,13.464552868725823
305,1,A,1,B,0,21.635209851607396,7.458342944836792,0.6714205949620321,62.45878455223178
306,0,B,0,A,0,30.067676729593003,1.938198077366402,0.3139876328555522,16.558061395502133
307,1,B,0,A,0,23.344027630507078,3.955909873482662,0.5214299161377218,8.911235902991145
308,1,A,0,A,0,30.536029071006343,4.994354950768766,0.6198802421480435,55.79076804292411
309,0,B,0,B,1,28.030837170259343,13.779297923628759,0.25587498813936216,60.770404231934116
310,1,A,1,A,1,40.42396902325225,15.507502486858384,0.20428801001164235,98.61072849610227
311,1,C,0,A,0,31.707650619314773,0,0.5453061599239639,43.759463776855654
312,1,A,0,A,0,24.202656182963317,3.699481521058874,0.47021782909661125,-17.453123606454092
313,0,B,1,A,0,28.412331700305984,2.2698732875082013,0.39429456173484023,26.543698726023983
314,1,B,0,A,0,38.36825195765667,7.868214247515187,0.10098170708499511,37.61032806666363
315,1,C,0,A,0,38.93545368988071,6.386936135664161,0.4288032183988186,30.051480372779764
316,1,B,0,A,1,16.90319398837233,19.316935456619245,0.4045606442015949,0.8640255360202325
317,0,C,1,A,1,16.04946301290504,2.5543377525507083,0.7778980635123324,23.511166310498535
318,1,A,0,A,0,31.03100614416598,4.640162823410341,0.290776566060778,-24.14608904745762
319,0,A,1,A,0,27.23427740911234,2.6154724657028736,0.2975392801707386,-14.797799925631445
320,1,B,1,A,1,51.69116212243215,8.033841863511826,0.4181548186672667,32.55841958634153
321,0,C,0,B,1,31.87587704406608,8.316225677297341,0.33998018291211596,-14.884947427603763
322,1,B,1,A,0,23.636748882652892,1.3314748332152382,0.3675859879378989,-58.943371452858244
323,1,C,0,A,0,25.739909607714175,2.348153738397278,0.3647924985620873,-9.640400132775849
324,0,B,1,A,0,34.00879699218195,6.6373031261618065,0.4383880875643995,94.40117853022333
325,1,C,1,A,0,29.236030183345395,5.5381753481443505,0.24532698620920684,-11.04176566376551
326,1,B,0,A,1,22.70101806690761,14.899386869729625,0.47490371265290826,-56.179795831660826
327,0,B,0,C,0,30.293131512722113,6.564785440759728,0.4333527530502384,-35.859398732147184
328,0,B,1,A,1,22.9325661305253,10.78223475461506,0.31766648464675623,-51.49975753031717
329,1,A,0,A,0,38.82554008800944,5.31096030389282,0.4771149981934611,51.926331357213726
330,1,C,0,A,0,28.88026756057201,4.636402638399714,0.25223989224272003,-48.41407107236772
331,0,A,0,A,1,17.672427664644886,12.266488599333067,0.31448325789377146,93.21242065436836
332,1,B,1,A,1,21.584259052927244,16.43429084256264,0.5150671724427471,43.559351990869615
333,0,A,1,C,0,27.327065851377256,9.266044966352641,0.3885398763642162,1.285830382657771
334,1,C,1,C,1,38.971590593866836,12.34186975995895,0.728767792549246,-9.486331620193752
335,0,A,0,A,0,23.533940631414733,4.407467956532014,0.5237636362740739,-90.45531542299297
336,1,A,0,A,0,30.252139599881193,1.6247101393430432,0.3999405924180468,-27.895465400601132
337,1,C,1,A,1,25.065186761960344,13.5711582550723,0.29036076447042647,-15.021567675606327
338,1,A,1,A,1,26.482265059796035,16.16399760364436,0.6456980956804803,10.810725833263849
339,0,A,0,A,0,24.95627768994369,2.947720110808959,0.44120126531947246,79.88141112367504
340,1,A,0,A,0,35.38100607579507,5.233818829980348,0.6232815019646875,-18.61347184327054
341,1,A,1,C,1,36.153032721233004,21.279723769413224,0.32140871971290264,7.083187160042348
342,1,B,1,A,0,43.887894338016395,5.021471525874904,0.24311958826916677,-85.17656409895531
343,0,B,0,B,0,21.96922215574888,8.221927999087626,0.47325161243461933,60.11784102319219
344,1,B,1,A,1,29.224053029361457,14.64925790375711,0.2791928260889715,-9.67561601242192
345,1,B,1,A,1,31.413714277918466,18.453044299674303,0.24398250134928093,65.08729707396748
346,0,B,1,A,1,23.49926834861022,9.599849198047915,0.4880641046386373,44.994354600009466
347,0,B,1,B,0,34.50551745664236,3.872565441688733,0.4503332195165454,-8.542741887289079
348,0,A,1,A,0,18.976235078786583,10.535529080381028,0.25480959985653495,11.993678284876525
349,0,C,0,A,0,36.62497538052068,3.560038110240006,0.34666306194704516,102.60696482519252
350,0,C,1,A,1,30.218213990040184,9.1498941906402,0.5197294701766928,33.747512822489185
351,0,B,0,A,0,38.374698845735786,3.3795914019470628,0.47544414620240893,-44.54466683381621
352,1,A,0,B,0,15.240486438375477,7.246305764754503,0.38254118324149644,79.6459646643959
353,1,B,0,B,1,17.894665342996333,17.86417733698429,0.37499146187533766,-29.58477705789371
354,0,B,0,A,0,22.48827863553569,5.39331512042677,0.4962270858892096,-41.270313166798665
355,0,A,0,A,1,29.719887609289884,10.734552320698318,0.12118888522802916,7.7561497052368775
356,0,C,0,A,0,33.30296259212525,5.444940845228615,0.39884860969016334,-11.638804682013312
357,1,B,1,A,1,19.960119598559416,11.495410391844683,0.4588901451945272,57.16404362747519
358,1,A,1,A,0,29.91622444526751,5.6745321711085746,0.336201511135889,-55.90064698932788
359,1,A,1,B,0,27.294840613384615,5.02555622161692,0.6085796466141858,53.57844680451352
360,0,A,0,A,0,28.522963028554294,8.530572930502418,0.6181324360926422,-92.18633792652767
361,1,C,1,A,1,33.938260461730366,14.782219458674506,0.39370435364639333,2.138744103301889
362,0,C,1,A,1,44.04499537913304,14.20329097847647,0.20396690450897828,23.428498391414628
363,1,A,0,A,0,42.03864683758592,6.881744997333956,0.5455400340678381,-1.1750539086644949
364,0,C,1,A,0,44.75399451583183,0.8316753737471974,0.4407719711642758,124.84643609075363
365,1,A,1,A,0,43.48847729170859,6.026165729636875,0.6667022715865367,42.386164889716454
366,0,A,1,A,0,24.509710862356567,1.6310652497566007,0.5487872452697773,-13.828682961165711
367,1,A,1,A,0,39.92518895377317,3.3513018105600665,0.4238576421057825,39.478542365950034
368,1,B,1,B,0,34.47172779284767,3.4202158249431465,0.49398688277398073,60.86570377501351
369,0,A,0,A,0,31.00253229854959,0,0.532758244566375,41.33845591706364
370,0,B,0,A,1,25.120774529483484,17.99563166196411,0.4851258721327331,18.439519129843806
371,0,A,0,A,0,34.239139403012885,6.607435219514816,0.48109047407051236,0.008946439317572441
372,1,C,1,B,1,26.070336054310804,11.37795261523155,0.17431535033065618,35.428807758018486
373,1,A,0,C,0,23.271178523266858,2.124582029593725,0.4866595299468178,94.71132755059146
374,0,B,1,A,0,36.6339083024496,3.504411312525921,0.44914364293248976,-29.625397594248618
375,0,B,1,A,1,38.38439994574165,1.5597739287373162,0.6374398593387177,35.386545207572944
376,1,B,1,A,0,46.10351965535508,0,0.18011469179704792,59.757456559419936
377,1,A,0,A,0,33.72582453041003,11.904673462696287,0.30519510050290144,-47.462282404503824
378,0,B,1,B,1,38.70255709820417,9.470548402343098,0.4082405226764761,7.134299918991054
379,1,A,1,B,0,25.54231746271861,3.593107475509436,0.41151190816679173,-10.91598646969435
380,1,A,0,A,0,26.562940054955316,4.6989657518232875,0.2091446326171538,-25.012497914381555
381,0,A,0,B,1,23.89569458062529,8.11917781960565,0.6436797467301887,131.33875019499118
382,0,A,0,B,0,35.45762806689698,7.121522323838562,0.5617635131977804,28.975784100870044
383,1,A,0,A,0,31.756698929273405,7.318468494833599,0.3757454326871047,22.35405592928863
384,1,B,1,A,1,33.91630398183767,13.758512090186155,0.6287232047636864,80.57164865534094
385,1,A,1,B,0,27.534034467369498,7.894031086483075,0.6294774053462282,32.813122654078214
386,1,B,1,A,1,24.867310485851085,18.342165332359002,0.4347946045239503,108.33882723529535
387,0,B,1,B,0,30.36818266823473,6.263335474767834,0.3330704074044491,61.24081572896529
388,1,A,1,A,1,26.77931108184664,11.38665980887482,0.2961957178873611,86.32456605864007
389,1,B,1,A,0,24.582074864505536,4.656111656591224,0.3425691560609789,70.85656964319728
390,0,A,0,A,0,30.88351647191962,0,0.11400025302521839,32.43638933193162
391,1,C,1,A,0,42.89861258904506,4.019865725115567,0.15572912449226337,-51.2829923777732
392,1,A,1,A,0,33.411747577755946,0,0.5785898751993936,53.51637063000261
393,0,C,1,C,1,48.5768562354255,3.215964561984852,0.7208923425009609,44.8382597191668
394,0,A,0,A,0,31.02119831873035,2.0782179305334716,0.39826306398087297,75.83031334454594
395,0,A,0,A,0,35.34636317308748,0,0.2324915407035554,73.38240028946808
396,1,C,0,A,0,27.729668244038567,5.134090490356864,0.47792799804768826,-12.960801658862898
397,0,B,1,A,0,32.025424358028836,5.468611618111035,0.46635448655618916,84.72713368311506
398,1,C,0,A,1,27.185963982216904,16.663986736249843,0.38086937210336214,-52.674029251022574
399,0,A,1,A,0,20.064674303313314,3.8288729745186467,0.48040661707116233,-48.2691570675685
400,1,C,1,A,1,47.18020405439975,19.486226319243418,0.3958159275543404,-7.578965469560586
401,1,A,1,A,0,23.45007758035228,0.03709881777708901,0.43509599418015504,8.823813328453534
402,0,B,0,A,1,35.83287618692495,9.11294567296858,0.5514681744903623,13.11497406132526
403,0,B,0,A,0,18.5314876440915,2.818546008229738,0.4096361286412721,12.440375864313147
404,0,C,1,A,1,13.32160796542361,10.161632861512885,0.36304997656038174,-0.9441010580648062
405,1,A,1,B,0,25.208227811585818,8.264791136941591,0.2903656433480138,24.368589635729528
406,1,B,1,A,0,25.099133898134408,2.4300551620490047,0.29373245118179797,20.857033323406664
407,1,B,0,B,0,28.258453408897942,3.0973862794268836,0.5815517516765528,-32.952964742540956
408,1,A,1,C,0,29.190281797204165,7.773577645255017,0.1712246144310707,29.20802053679575
409,1,A,1,A,0,30.144721731061935,3.778851583610413,0.27141280547450314,93.20714279372297
410,0,C,1,A,1,26.909904405269927,6.683831763961367,0.40826795314369657,22.108077757472152
411,1,B,1,A,0,24.687466819396658,3.1216788457095013,0.20319450794027114,44.819011005901885
412,0,C,1,A,1,30.42744197300521,8.886528772287324,0.32083813301576364,15.507327290861095
413,0,C,1,A,1,26.496633828108372,16.376352026166835,0.42967522035937206,-17.483758658371933
414,1,B,0,A,0,36.10768048046431,2.8498151813006354,0.5193879637543706,16.275669869214827
415,0,B,1,C,1,20.695600322468717,8.51935819529965,0.614302807094291,-2.6037741330188418
416,1,B,0,A,0,48.56432950539613,5.632313918405962,0.26260555095442817,33.45483779783323
417,0,C,0,A,1,35.1856836037282,12.088925620095054,0.40177307494477793,-27.091590760076357
418,0,A,1,C,1,23.928979274127595,4.349829465057166,0.516364158558409,56.25201328597245
419,1,B,1,A,1,36.488043947208766,18.337288055978423,0.2585266292018123,42.48024497074391
420,1,B,0,A,0,23.010155206157357,10.039853362982665,0.2022224219204261,44.88340972968881
421,0,C,1,B,1,31.267191737904394,11.682127524090076,0.33084816537797823,-85.41309472838633
422,1,C,0,A,1,25.36035203787378,12.04765855690398,0.05830717322481868,-21.553231939136808
423,0,B,1,A,1,45.81696272522747,7.067675212245383,0.26805447912023844,55.80091918142399
424,1,B,1,A,0,29.986395144924575,2.1792094120134458,0.5430710361600629,-48.63370675223834
425,0,A,1,B,1,25.77954571465048,11.71536210836262,0.5107933499366007,61.86603585473466
426,0,B,1,A,0,21.082088940456934,5.729297663385994,0.34554883036314477,-3.3690020527355387
427,1,A,0,C,0,40.13513949190021,1.5934737259101235,0.5272839170363313,18.58664674208089
428,1,B,1,A,1,31.154736534799405,19.103341867242943,0.4043905126453448,32.39718838954804
429,1,B,0,A,1,38.27019332576382,20.174361873884493,0.05169416573023185,-6.818510831128375
430,1,C,1,A,1,33.383433634776246,17.45765174560838,0.6713670579811112,22.27536925396671
431,1,C,1,A,0,20.347614698041625,1.603543781268387,0.38763553850207816,76.95118225154889
432,1,C,1,B,1,24.335781175193134,11.027613659734872,0.39441134208932765,34.59383457683239
433,0,C,1,B,0,31.562471606930778,4.904138715038205,0.5516217245031463,66.64358019133198
434,0,A,0,A,0,26.088000225424643,3.217300348562631,0.443792357899704,-5.09253690195294
435,0,A,0,A,0,50.515669951433694,0.7439841891798533,0.6226409899805926,76.72335586381476
436,1,B,0,A,0,24.341578401220914,1.6601753236638617,0.3647593146145794,66.00232867599053
437,1,B,1,B,0,28.721453492283942,3.9655329294359767,0.7518051544662241,36.15634871681338
438,0,B,1,A,0,21.50575043921798,7.170088949974355,0.29415660436477675,2.893836449306825
439,1,C,1,A,1,25.98700121498637,6.1715497316626475,0.46045654052978174,-55.7218371815472
440,1,C,1,A,1,24.053672042282745,12.608081665391126,0.3053782262723255,-33.5897400155436
441,0,A,1,B,0,29.910086094426838,7.9097404755252025,0.542733461835369,50.62252389581678
442,0,A,1,A,0,28.817609863692475,4.86641078748449,0.31826337585227765,-19.15944420728124
443,0,A,0,C,1,17.32805295711012,4.916533637980608,0.1438632619931537,-6.968997789542705
444,1,A,0,A,1,26.246129475217337,20.481940327944066,0.3140169437936957,-3.542288441236213
445,0,A,1,B,1,29.97231785052873,9.565253080646672,0.3177651713268068,52.16876084045201
446,0,A,0,A,1,25.038284029147864,14.248184718152196,0.3822798089954447,11.784031207191422
447,0,B,0,A,1,23.37758518561589,10.98657651292144,0.39057197846709873,12.462350895991431
448,1,B,0,B,0,28.219246575384584,4.099736517958407,0.47512869201974045,54.65472137971572
449,0,A,0,B,1,39.34382432943015,7.865912478888191,0.3322911244776561,34.537154771902614
450,1,A,0,A,0,20.962574091306887,4.997305168165568,0.28588854313693934,-6.578280099664774
451,1,A,0,A,0,27.81957391637517,2.0515739534274284,0.6356471699784283,53.12943114462002
452,1,B,1,A,1,41.308813736001184,15.731635358303127,0.461038061003314,133.21476737848624
453,1,B,0,A,0,37.61013828321434,8.414223975800368,0.40929519058263397,11.610433665671605
454,0,C,0,A,1,28.9281018680173,8.677477736181709,0.20245352229060692,-19.115629511234125
455,0,C,1,A,1,31.67072212940367,12.615884612201636,0.42483475787138614,49.55920595960258
456,1,C,0,A,0,23.011103154830444,2.18565394435431,0.49692673607991167,9.002963357059585
457,0,B,0,C,0,28.353646247547992,5.201813323184248,0.26945015395240557,22.849906959623944
458,0,B,0,A,0,18.88132259538503,9.940821219545512,0.3810402892664605,79.24856261093414
459,0,A,1,C,1,21.981525364984037,8.706746428976052,0.49328257928866165,3.523349407396047
460,0,C,0,B,1,21.465656976909155,8.853264171947188,0.44665931183626933,96.67429538036868
461,0,A,0,A,0,24.767653101894666,4.649125911734301,0.1535899739631207,42.24236195194006
462,1,C,0,A,1,29.659291518976453,27.68018456017073,0.28305803708683386,-4.698377264241689
463,0,C,0,B,0,10.901117921653189,0.7219192322029704,0.5349143571506579,25.776171627412
464,0,B,0,A,1,36.40210364604438,12.629938427380791,0.3714102800482291,1.9017131957462823
465,0,C,1,A,1,26.695605034791825,10.286710994541416,0.3272935543254578,86.13262730575718
466,1,B,0,A,1,32.99025525824421,10.061706357390513,0.40959309832348245,-13.298941711254969
467,1,B,1,B,0,22.7627895582929,0.35517469508706156,0.7294008493342713,90.90477629261943
468,0,B,0,A,0,24.69833830416223,8.30310827204331,0.43000191566051943,10.91469293472604
469,0,A,1,A,0,23.67057945744759,8.428284169648311,0.5699299671791364,34.915939193790976
470,0,B,0,A,0,34.100409637615584,1.745972912782169,0.480714509561379,83.29703478000084
471,0,A,0,A,0,29.14950384122714,3.8825063000118902,0.2529392376870344,78.51245454239665
472,0,B,1,C,1,28.90156465441775,8.517997224086779,0.2933081057488701,67.04331664921946
473,1,C,1,A,1,45.70084774807601,15.210892750555304,0.20943619216926937,70.34229945703206
474,0,A,0,B,0,22.295989569201925,3.549449045771902,0.5230021008381384,27.811626259147236
475,0,A,1,A,0,26.338209278100386,7.3868343379676205,0.4354692445402069,45.60415077528968
476,1,B,1,A,1,35.60431697676204,19.032689396884983,0.5214176071685819,42.726286189827476
477,1,A,1,B,0,26.089286045367217,6.462962665012595,0.36396466311730086,21.978818688361056
478,1,B,1,A,0,32.32885144300952,2.312721300377894,0.48113227662338853,45.78823999401032
479,1,C,1,A,0,40.454792179289555,7.44196944483085,0.5721524162909974,5.06725628592365
480,1,A,0,A,0,27.82140070086005,0.2643842691416385,0.39612384870774614,77.91359235027994
481,0,A,0,A,0,42.26339751108502,3.8882925506524364,0.657008336340617,78.38518805919732
482,1,B,1,A,0,25.03483122880389,0.5169340020368551,0.2605479675952876,-19.91947264373507
483,0,A,0,A,0,23.89184579306507,4.709780087608342,0.2786284767831977,26.53930902090408
484,1,C,0,A,0,35.14650573739257,6.1015048746325,0.3910664457685688,26.012656286252145
485,1,A,0,B,0,24.301225813739553,3.4245425944743415,0.6154675388639897,39.63525548292829
486,0,A,0,B,0,28.661031117692527,4.8740866778753595,0.29505645164252586,17.56418795392128
487,1,C,0,A,1,16.483382307932207,12.542876435354462,0.30382657112854444,15.330245144408769
488,1,C,1,A,1,51.78026666499628,17.595154529884088,0.3713332133051225,-43.911192594409684
489,0,B,0,B,0,42.419312338715756,0,0.3400203154224363,79.71744882234978
490,1,B,0,A,1,28.40132776319514,16.367720945295794,0.3221591884023703,2.159908800518153
491,1,B,1,A,1,25.433414191707136,13.938296690684732,0.19997155120082513,37.148804239618215
492,0,A,1,A,1,18.04760240332714,10.553080551128252,0.27847209481159885,59.90374272074892
493,1,C,1,B,1,36.015599314271086,6.373334765419916,0.5169298468413885,-12.562767917175108
494,0,C,0,A,1,27.82468155885714,4.528245333927465,0.24299653975748414,0.9480521237337847
495,0,B,1,A,1,25.420003013932337,17.098474521374424,0.5542498936613558,69.99571069691856
496,1,B,1,A,0,21.511551238932064,4.4053539444185805,0.5142873543455868,41.33756318387917
497,1,C,1,A,1,24.597506650955864,7.902943159432105,0.6650377121474372,2.799079455774116
498,0,A,1,A,1,19.666317595155284,3.850512835933932,0.5984514297194,47.19272834981628
499,0,A,1,C,0,30.790549423191795,5.450532426242885,0.2941697368152648,2.077088968362432
500,0,A,0,A,0,14.349245852880989,9.715695622498217,0.5261639113252523,3.1161161096051835
